<?xml version="1.0" encoding="UTF-8" ?>
<!DOCTYPE mapper
        PUBLIC "-//mybatis.org//DTD Mapper 3.0//EN"
        "http://mybatis.org/dtd/mybatis-3-mapper.dtd">
<mapper namespace="com.ruangong.mapper.AssignmentMapper">

    <update id="update">
        update assignment
        <set>
            <if test="title!=null and title!=''">
                title=#{title},
            </if>
            <if test="attachmentPath!=null and attachmentPath!=''">
                attachment_path=#{attachmentPath},
            </if>
            <if test="createdBy!=null and createdBy!=''">
                created_by=#{createdBy},
            </if>
            <if test="description!=null and description!=''">
                description=#{description},
            </if>
            <if test="uploadMethod!=null and uploadMethod!=''">
                upload_method=#{uploadMethod},
            </if>
            <if test="scoreRule!=null and scoreRule!=''">
                score_rule=#{scoreRule},
            </if>
        </set>
        where assignment_id=#{assignmentId}
    </update>

    <select id="getByTids" resultType="com.ruangong.pojo.Assignment">
        SELECT *
        FROM assignment
        WHERE created_by IN
        <foreach item="teacherId" collection="tids" open="(" close=")" separator=",">
            #{teacherId}
        </foreach>
    </select>
</mapper>