<?xml version="1.0" encoding="UTF-8" ?>
<!DOCTYPE mapper
        PUBLIC "-//mybatis.org//DTD Mapper 3.0//EN"
        "http://mybatis.org/dtd/mybatis-3-mapper.dtd">
<mapper namespace="com.ruangong.mapper.CourseStudentMapper">
    <select id="getTidsBySid" resultType="Integer">
        SELECT DISTINCT c.teacher_id
        FROM course_student cs
                 JOIN course c ON cs.course_id = c.teacher_id
        WHERE cs.student_id = #{sid}
    </select>

    <select id="getSidsBytid" resultType="Integer">
        SELECT DISTINCT s.student_id
        FROM course_student cs
                 JOIN student s ON cs.student_id = s.student_id
        WHERE cs.course_id = #{tid}
    </select>

    <select id="getCourseByTid" resultType="com.ruangong.pojo.Course1">
        SELECT
            team_description,
            supervisor_description,
            team_announcement,
            team_name
        FROM
            course
        WHERE
            teacher_id = #{tid};
    </select>

    <select id="getStuBySids" resultType="com.ruangong.pojo.SnSi">
        SELECT
        student_id ,
        student_name
        FROM
        student
        WHERE
        student_id IN
        <foreach collection="sids" item="sid" open="(" close=")" separator=",">
            #{sid}
        </foreach>
    </select>

    <select id="getCoursesByTids" resultType="com.ruangong.pojo.Team1">
        select id,team_name
        from course where id in
        <foreach collection="tids" item="tid" open="(" close=")" separator=",">
            #{tid}
        </foreach>
    </select>

    <select id="SgetTeamBytid" resultType="com.ruangong.pojo.Team2">
        select team_name,team_announcement,team_description,supervisor_description from course where id=#{tid};
    </select>

    <update id="updateCourseByTid">
        update course
        <set>
            <if test="id!=null and id!=''">
                id=#{id},
            </if>
            <if test="teacherName!=null and teacherName!=''">
                teacher_name=#{teacherName},
            </if>
            <if test="teamDescription!=null and teamDescription!=''">
                team_description=#{teamDescription},
            </if>
            <if test="supervisorDescription!=null and supervisorDescription!=''">
                supervisor_description=#{supervisorDescription},
            </if>
            <if test="teamAnnouncement!=null and teamAnnouncement!=''">
                team_announcement=#{teamAnnouncement},
            </if>
            <if test="teamName!=null and teamName!=''">
                team_name=#{teamName},
            </if>
        </set>
        where teacher_id=#{teacherId}
    </update>

</mapper>