<?xml version="1.0" encoding="UTF-8" ?>
<!DOCTYPE mapper
        PUBLIC "-//mybatis.org//DTD Mapper 3.0//EN"
        "http://mybatis.org/dtd/mybatis-3-mapper.dtd">
<mapper namespace="com.ruangong.mapper.GradeMapper">
    <update id="update">
        update grade
        <set>
            <if test="submissionId!=null and submissionId!=''">
                submission_id=#{submissionId},
            </if>
            <if test="score!=null and score!=''">
                score=#{score},
            </if>
            <if test="feedback!=null and feedback!=''">
                feedback=#{feedback},
            </if>
            <if test="gradedBy!=null and gradedBy!=''">
                graded_by=#{gradedBy},
            </if>
        </set>
        where grade_id=#{gradeId}
    </update>
</mapper>