<?xml version="1.0" encoding="UTF-8" ?>
<!DOCTYPE mapper
        PUBLIC "-//mybatis.org//DTD Mapper 3.0//EN"
        "http://mybatis.org/dtd/mybatis-3-mapper.dtd">
<mapper namespace="com.ruangong.mapper.SubmissionMapper">
    <update id="update">
        update submission
        <set>
            <if test="userId!=null and userId!=''">
                user_id=#{userId},
            </if>
            <if test="assignmentId!=null and assignmentId!=''">
                assignment_id=#{assignmentId},
            </if>
            <if test="filePath!=null and filePath!=''">
                file_path=#{filePath},
            </if>
            <if test="version!=null and version!=''">
                version=#{version},
            </if>
        </set>
        where submission_id=#{submissionId}
    </update>
    
    <select id="findSubBySidAndAid" resultType="com.ruangong.pojo.Submission">
        select * from submission where user_id in
        <foreach item="sid" collection="sids" open="(" close=")" separator=",">
        #{sid}
      </foreach>
        and assignment_id=#{aid};
    </select>

    <select id="getSubBySids" resultType="com.ruangong.pojo.Submission">
        SELECT *
        FROM submission
        WHERE submission.user_id IN
        <foreach item="userId" collection="sids" open="(" close=")" separator=",">
            #{userId}
        </foreach> and assignment_id=#{aid}
    </select>

    <select id="getIds" resultType="int">
        SELECT submission_id
        FROM submission
        WHERE submission.user_id IN
        <foreach item="userId" collection="sids" open="(" close=")" separator=",">
            #{userId}
        </foreach> and assignment_id=#{aid}
    </select>
</mapper>