<?xml version="1.0" encoding="UTF-8" ?>
<!DOCTYPE mapper
        PUBLIC "-//mybatis.org//DTD Mapper 3.0//EN"
        "http://mybatis.org/dtd/mybatis-3-mapper.dtd">
<mapper namespace="com.ruangong.mapper.UserMapper">
    <resultMap id="teacher_a" type="com.ruangong.pojo.UT">
        <id property="userId" column="user_id"/>
        <result property="userName" column="user_name"/>
        <collection property="ta" ofType="com.ruangong.pojo.TA">
            <result property="title" column="title"/>
            <result property="createdBy" column="created_by"/>
            <result property="assignmentId" column="assignment_id"/>
            <result property="createdAt" column="created_at"/>
            <result property="openAt" column="open_at"/>
            <result property="deadline" column="deadline"/>
        </collection>
    </resultMap>

    <select id="listTeacher" resultMap="teacher_a">
        SELECT u.user_id, u.user_name, a.assignment_id, a.created_by, a.title,a.created_at,a.open_at,a.deadline
        FROM user u
                  JOIN assignment a
                           ON u.user_id = a.created_by
        where user_id=#{id};
    </select>
    
    
    <update id="update">
        update user
        <set>
            <if test="role!=null and role!=''">
                role=#{role},
            </if>
            <if test="password!=null and password!=''">
                password=#{password},
            </if>
            <if test="userName!=null and userName!=''">
                user_name=#{userName},
            </if>
            <if test="signature!=null and signature!=''">
                signature=#{signature},
            </if>
            <if test="hobbies!=null and hobbies!=''">
                hobbies=#{hobbies},
            </if>
            <if test="sex!=null and sex!=''">
                sex=#{sex},
            </if>
            <if test="email!=null and email!=''">
                email=#{email},
            </if>
            <if test="phone!=null and phone!=''">
                phone=#{phone},
            </if>
            <if test="account!=null and account!=''">
                account=#{account}
            </if>
        </set>
        where user_id=#{userId}
    </update>

    <select id="getStudent" resultType="com.ruangong.pojo.gStu">
        select user_id ,user_name, role from user where user_id=#{id};
    </select>



    <select id="getTByTid" resultType="com.ruangong.pojo.Teacher">
        select user_name,sex,signature,hobbies,email,phone from user where user_id=#{tid};
    </select>

    <select id="getTs" resultType="com.ruangong.pojo.Teacher">
        SELECT user_name, sex, signature, hobbies, email, phone
        FROM user
        WHERE user_name LIKE CONCAT('%', #{tname}, '%') and role='教师';
    </select>
</mapper>